-- Opcjonalny import istniejących danych z pliku Excel (Prosjekttjenester_CRM.xlsx)
-- Uruchom PO schema.sql, jeśli chcesz od razu mieć dotychczasowe kontakty w CRM.

insert into public.contacts (id, company_name, phone, email, website, address, status) values
('c7bf3936-ad65-4bc1-9eb3-3c93ca338c16', 'Fredrikstad Arkitekttjenester AS', 'tel:+4747236104', 'teotech@online.no', NULL, 'Borgeveien 115A, 1654 SELLEBAKK', 'kontaktet'),
('ea444312-0b18-4829-afeb-541620ac8549', 'Riise Consulting', 'tel 91623925', 'bjornar.riise@gmail.com', NULL, 'Skogsåsen 7C, 1412 SOFIEMYR', 'kontaktet'),
('073a12be-4278-4242-a2e3-38ca148aef49', 'Byggingeniøren AS', 'tel:+4746126876', 'post@byggingenioren.no', NULL, 'Ridebaneveien 7, 4843 ARENDAL', 'kontaktet'),
('ccb1d62c-b297-4243-b227-4bdf53ec7380', 'Arkitektfirma Siv.ar. Agata Suchecka', 'tel:+4790572792', 'agatasuch10@gmail.com', NULL, 'Øgardsvegen 16, 2390 MOELV', 'kontaktet'),
('bf6220a8-e89a-41f6-bebe-cc8211310d28', 'Arkitektur og Byggsøk M Johansen', 'tel:+4731284832', 'arkitektur.byggsok.mjohansen@gmail.com', NULL, 'Høymyrmarka 119, 1391 VOLLEN', 'kontaktet'),
('a329bc64-5caa-42f0-968b-4d41876d13d9', 'Bygg Design Moldoveanu', 'tel:+4794086763', 'post@bygg-design-moldoveanu.no', NULL, 'Dragehodesvingen 8, 1360 FORNEBU', 'kontaktet'),
('98df305b-5ebc-4dc2-8a53-233185cc5b73', 'Smolovic Arkitektur', 'tel:+4794238273', 'smoark@yahoo.com', NULL, 'c/o Stefan Smolovic, Landingsveien 18, 0767 OSLO', 'kontaktet'),
('7b6b9df8-fd97-42bb-9afc-6d7b69983415', 'MO BYGGSERVICE AS', 'tel:+4792550433', 'info@mobyggservice.no', 'www.mobyggservice.no', 'Heggedalsveien 350, 1389 HEGGEDAL', 'kontaktet'),
('29307dc0-7a59-4949-87f0-080f1d651213', 'Uproxo AS', 'tel:+4745111911', 'lars@ulriksen.no', NULL, 'Hauketoveien 3B, 1266 OSLO', 'kontaktet'),
('4d473bcd-174c-42ed-8528-053a2a856c7e', 'Fjell Byggconsult AS', 'tel:+4790609089', 'rune@runefjell.no', 'www.runefjell.no', 'Tettskauen 15, 3478 NÆRSNES', 'kontaktet'),
('1685acac-dc6f-4692-b12b-8ee00cf75e9a', 'Kove Arkitektur AS', 'tel:+4790403260', 'piatveit@icloud.com', NULL, 'Seljeveien 7, 0575 OSLO', 'kontaktet'),
('745c22ae-0ad2-42d6-a708-6881394946c5', 'Nes Bygg og Prosjektering AS', 'tel:+4745267741', 'kjetil@nesbp.no', NULL, 'Mosters vei 40, 1542 VESTBY', 'kontaktet'),
('80602811-8f37-46d1-b534-f7ca9d8b6758', 'STRÅ Arkitekter AS', 'tel:+4740388182', 'gustav@straaa.com', 'https://www.straaa.com/', 'Industrigata 60C, 0357 OSLO', 'kontaktet'),
('9cc4d32c-92c3-41f0-a5b6-d6ab281e683f', 'KVASS Arkitektur AS', 'tel:+4799511189', 'post@kvassarkitektur.no', 'https://www.kvassarkitektur.no/', 'Standardveien 1, 0581 OSLO', 'kontaktet'),
('909cd981-ada0-4e24-ba9a-0281b3aff853', 'Dak&Ingeniørtjenester AS', 'tel:+4741362000', 'post@ditas.no', 'https://www.ditas.no/', 'Strøket 7, 1383 ASKER', 'kontaktet'),
('76f3cf93-c454-4216-be79-d484265a89a7', 'Don Lawrence', 'tel:+4794297841', 'don@don-lawrence.com', NULL, 'Akersbakken 37A, 0172 OSLO', 'kontaktet'),
('23a1d22b-de50-42c0-bc02-84cb5404d002', 'Borgeraas&Myrholt AS', 'tel:+4792601056', 'mats@bormyr.no', 'https://www.bormyr.no/', 'Storgata 202, 3912 PORSGRUNN', 'kontaktet'),
('62319cb6-051a-41f6-bda8-bc70abbddd65', 'BjH-Arkitekter AS', 'tel:+4790660482', 'post@bjh-ark.no', 'www. bjh-ark.no', 'St Olavs gate 6, 3126 TØNSBERG', 'kontaktet'),
('da6ad69e-c442-45de-a891-7a3febdd9b21', 'Christian Sundby Arkitekter', 'tel:+4790821045', 'christian@sundbyarkitekter.no', 'https://www.casarkitekter.com/', 'c/o Christian Sundby, Løkkeveien 22, 1368 STABEKK', 'kontaktet'),
('0fc8cab2-7f31-4f3f-bdd4-39af93f6217c', 'MARLOW ARKITEKTER AS', 'tel. 908 33 223', 'pm@marlowarkitekter.no', 'https://marlowarkitekter.no/', 'Gamle Ringeriksvei 56, 1357 Bekkestua', 'kontaktet'),
('7d0c823b-cda1-4f38-97d7-ae7a853e4e51', 'KJERNEHUSET ARKITEKTKONTOR AS', 'tel:+4748174333', 'post@kjernehus.no', 'https://kjernehus.no/', 'Sandstuveien 4A, 1178 OSLO', 'kontaktet'),
('e6e9d1fd-989d-443d-bb2b-0e85c748295d', 'A/Stab AS', 'tel. 90141277', 'knut@a-stab.no', 'https://a-stab.no/', 'Ulsmågvegen 7, 5224 NESTTUN', 'kontaktet'),
('6c3d100c-7e56-4704-b619-241f349e3c9f', 'A1 Arkitekter AS', 'tel:+4795947400', 'dj@a1arkitekteras.no', NULL, 'c/o Agne Ladukiene, Sårheim 7, 6847 VASSENDEN', 'kontaktet'),
('acce7481-3ddd-4d18-a288-84c4dd624146', 'Abark AS', '41 39 39 23', 'Asem@abarkarkitektur.no', 'https://abarkarkitektur.no/', NULL, 'kontaktet'),
('061ec59c-fd53-4948-8c77-c92f54c3ed7a', 'Aloe Arkitekter', '93217015', 'loe@aloearkitekter.no', 'https://www.aloearkitekter.no/', 'Skovveien 13A, 0257 OSLO', 'kontaktet'),
('8fd363e7-c1dc-45b3-9eaa-41e5c5b9ddc9', 'Altiplan AS', '48 60 16 35', 'post@altiplan.no', 'https://altiplan.no/', 'Dronning Eufemias gate 12, 0191 Oslo', 'kontaktet'),
('01efcbbd-8dd3-4c13-8e90-fac0a5233286', 'Am Byggkonsult AS', 'tel:+4740560087', 'asrin.ahmadi@ambyggkonsult.no', 'https://www.ambyggkonsult.no/', 'Nydalsveien 28, 0484 Oslo', 'kontaktet'),
('44c5ff56-1072-4dbf-9261-ac15783090bb', 'April Arkitekter AS', '922 88 546', 'kjersti@aprilarkitekter.no', 'https://www.aprilarkitekter.no/', 'Sagveien 23C, 0459 OSLO', 'kontaktet'),
('0971ae15-6f87-4a09-bbf4-d310b11e5138', 'Areal og Byggesak AS', 'tel:+4796019392', 'espen@beir.no', NULL, 'Oredalsåsen 10, 1613 FREDRIKSTAD', 'kontaktet'),
('5d763757-29e7-449d-8737-7e33aac9ca0f', 'Ark 19 Arkitektkontor AS', 'tel:+4722111676', 'piotr@ark19.no', NULL, 'Rosenholmveien 17, 1252 OSLO', 'kontaktet'),
('36987690-ace7-4f47-ad92-b979346bbf90', 'Helling Arkitekttjenester AS', 'tel:004797158851', 'rakel@hellingark.no', 'https://www.hellingark.no/', 'Arbins gate 1 0253 OSLO', 'kontaktet'),
('b146674b-d71e-48c9-86a3-e15f4a7f8528', 'Artikon AS', 'tel. +4740055908', 'erik@artikon.no', 'https://artikon.no/', 'Eidsbakken 81, 6037 EIDSNES', 'kontaktet'),
('12db4633-799b-474e-8ea3-77d5c2fc7eb7', 'Asplan Viak AS', 'tel. +4741799417', 'simen.enersen@asplanviak.no', 'https://www.asplanviak.no/', 'Rådmann Halmrasts vei 5, 1337 SANDVIKA', 'kontaktet'),
('ae55fbc5-6645-4421-99c0-fc9f270d32af', 'Arkikad AS', 'tel. 40070510', 'sg@arkikad.no', 'www.arkikad.no', 'Gardermonvegen 36, 2050 JESSHEIM', 'kontaktet'),
('4eb2b725-1b2a-4d9e-a410-c3dda672b6aa', 'Arkitektkontoret Pinnen AS', 'tel. 92229146', 'post@pinnen.no', NULL, 'Brattvollveien 153, 1164 OSLO', 'kontaktet'),
('6b96149f-bf80-4cb1-82bf-aef13fb88025', 'Arkon Arkitekt og Ingeniørkontor Birger Tveiten', 'tel. 33428591', 'post@arkonarkitekt.no', NULL, 'Lindgaards gate 58, 3208 SANDEFJORD', 'kontaktet'),
('ed02d8d2-5066-411c-ad35-51105c4b24a5', 'Atek Byggkonsult AS', 'tel. 41200904', 'asbjorn@atbk.no', NULL, 'c/o Asbjørn Tonholt, Midtveien 25, 1592 VÅLER I ØSTFOLD', 'kontaktet'),
('0548d73c-262a-4bc0-9122-6820d16f841a', 'Austigard Arkitektur AS', 'tel. 99716229', 'office@austigard.net', NULL, 'c/o Tor Austigard, Hagegata 45, 0653 OSLO', 'kontaktet'),
('2f15fbb3-fdce-430e-9c3e-9a2b6399cfae', 'Barlund Byggetegninger', 'tel. 91398439', 'kimmarn@gmail.com', NULL, 'Tollerudvegen 3, 2827 HUNNDALEN', 'kontaktet'),
('86978ac9-18f5-4074-97d6-8e4d08df0005', 'Borhaven Arkitekter AS', 'tel. 40616614', 'axel@borhaven.no', 'www.borhaven.no', 'Bjerregaards gate 1A, 0172 OSLO', 'kontaktet');

insert into public.contact_people (id, contact_id, full_name, is_primary) values
('ece3ad0b-ee03-4bfc-9521-b668a6176160', 'c7bf3936-ad65-4bc1-9eb3-3c93ca338c16', 'Terje Olsen', true),
('e4c8f01b-c836-4e88-8d48-0e71deea8c38', 'ea444312-0b18-4829-afeb-541620ac8549', 'Bjørnar Riise', true),
('698ed30a-74c8-4ec2-8726-e15d453d1cef', 'ccb1d62c-b297-4243-b227-4bdf53ec7380', 'Agata Suchecka', true),
('2999ef16-6e6c-4a33-b423-7baa70e5ed91', 'bf6220a8-e89a-41f6-bebe-cc8211310d28', 'Morten Johansen', true),
('f0ff99f3-b9b2-4f9c-892a-d9803bd883c8', 'a329bc64-5caa-42f0-968b-4d41876d13d9', 'alexandru-iulian-moldoveanu', true),
('b93d46ce-1612-48b9-957e-ef457125463d', '98df305b-5ebc-4dc2-8a53-233185cc5b73', 'Stefan Smolovic', true),
('4a17dc68-c5e3-4c50-919b-a5d096eb481e', '29307dc0-7a59-4949-87f0-080f1d651213', 'Lars Ulriksen', true),
('ae9e3bc5-b822-4b74-ac0d-7dfc21e23074', '1685acac-dc6f-4692-b12b-8ee00cf75e9a', 'Pia Kove', true),
('93266d9a-332b-438f-ac59-3a7ea0c90f83', '80602811-8f37-46d1-b534-f7ca9d8b6758', 'Anders Byng Strøm and Gustav Jerlvall Jeppsson.', true),
('037fbaa7-c785-4dd6-b2da-50d7541be408', '76f3cf93-c454-4216-be79-d484265a89a7', 'Don Lawrence', true),
('be2c5375-9397-4842-9cdf-8cfe70d39ef8', 'da6ad69e-c442-45de-a891-7a3febdd9b21', 'Christian Sundby', true),
('382b4c8a-c7d3-46ef-9b93-ee5079931027', '0fc8cab2-7f31-4f3f-bdd4-39af93f6217c', 'Per Marlow', true),
('22adbb50-dbb8-4711-bac8-b0d8d563fc94', '7d0c823b-cda1-4f38-97d7-ae7a853e4e51', 'Gitte von Ubisch', true),
('e144fdda-f23d-497f-9a41-88655c6c5bbd', 'e6e9d1fd-989d-443d-bb2b-0e85c748295d', 'Knut Hjertholm', true),
('3d7d0486-def8-4838-9ad7-7201d36394a6', '6c3d100c-7e56-4704-b619-241f349e3c9f', 'Agne Ladukiene', true),
('7111c6f1-94f9-4d2b-bf2b-c747a2e92a71', 'acce7481-3ddd-4d18-a288-84c4dd624146', 'Asem Babawat', true),
('6361bc22-178c-44cf-8307-5c787815e4a2', '061ec59c-fd53-4948-8c77-c92f54c3ed7a', 'Laust Østergaard Andersen', true),
('22309857-b0fd-4f4a-925d-2adac209691d', '8fd363e7-c1dc-45b3-9eaa-41e5c5b9ddc9', 'Alberto Juarez Lucio', true),
('d4ef6da0-a9df-42aa-90f6-58343654ce56', '01efcbbd-8dd3-4c13-8e90-fac0a5233286', 'Asrin Ahmadi', true),
('8a6285e4-3def-492b-a824-de1cf7fad3d6', '44c5ff56-1072-4dbf-9261-ac15783090bb', 'Kjersti Hembre', true),
('39039e34-fa5b-482f-b7c5-663155d0c5ea', '36987690-ace7-4f47-ad92-b979346bbf90', 'Rakel Helling', true),
('747b807f-d60b-4582-94df-d82a18f0b382', 'b146674b-d71e-48c9-86a3-e15f4a7f8528', 'Erik Haugen', true),
('4f143ed9-519b-4b99-9fca-cbb24797da95', '12db4633-799b-474e-8ea3-77d5c2fc7eb7', 'Simen Enersen', true),
('e8a0f52d-a70a-429e-800b-e78226a63b53', 'ed02d8d2-5066-411c-ad35-51105c4b24a5', 'Asbjørn Tonholt', true),
('19d9d306-f142-4537-b258-81b1935fd8dd', '0548d73c-262a-4bc0-9122-6820d16f841a', 'Tor Austigard', true),
('9147b544-45cc-4f68-b326-6de327cf5c3b', '86978ac9-18f5-4074-97d6-8e4d08df0005', 'Axel Borhaven', true);

insert into public.contact_activities (id, contact_id, note) values
('9af73526-98b1-4557-9166-f90e9a6a6044', 'c7bf3936-ad65-4bc1-9eb3-3c93ca338c16', 'mail 17.06.2026'),
('df173acd-4f42-4d4f-8d4e-943a5a0ceefc', 'ea444312-0b18-4829-afeb-541620ac8549', 'mail 17.06.2026'),
('2e8516c5-9d3a-4321-8110-b2a3d142c0b2', '073a12be-4278-4242-a2e3-38ca148aef49', 'mail 17.06.2026'),
('3ef1ea4f-0656-4cba-a959-e69fcc84c636', 'ccb1d62c-b297-4243-b227-4bdf53ec7380', 'mail 17.06.2026'),
('32cba182-0abb-4f9e-ba98-0a0ba4e429a0', 'bf6220a8-e89a-41f6-bebe-cc8211310d28', 'mail 17.06.2026'),
('4381c96b-0ce8-4083-b57e-9d461cbd3f03', 'a329bc64-5caa-42f0-968b-4d41876d13d9', 'mail 17.06.2026'),
('fa457dc1-6bd7-4da5-89d0-348ee2120780', '98df305b-5ebc-4dc2-8a53-233185cc5b73', 'mail 17.06.2026'),
('6eaf8203-d2be-4a94-8647-d51cbd6c9de6', '7b6b9df8-fd97-42bb-9afc-6d7b69983415', 'mail 17.06.2026'),
('9afd4410-e2cb-45dc-8789-964cf96ddef1', '29307dc0-7a59-4949-87f0-080f1d651213', 'mail 17.06.2026'),
('d1808564-7c52-4f62-9aa4-81c47982d10d', '4d473bcd-174c-42ed-8528-053a2a856c7e', 'mail 17.06.2026'),
('27e631a8-f361-491e-a80b-22f500e944cb', '1685acac-dc6f-4692-b12b-8ee00cf75e9a', 'mail 17.06.2026'),
('fb930e90-d55a-4bc0-ae74-82ee3e45f124', '745c22ae-0ad2-42d6-a708-6881394946c5', 'mail 17.06.2026'),
('2c0efd1b-3c95-459e-8938-5f1d08cfdb77', '80602811-8f37-46d1-b534-f7ca9d8b6758', 'mail 17.06.2026'),
('1d20aaa3-a697-437e-8803-f669ac0bd34d', '9cc4d32c-92c3-41f0-a5b6-d6ab281e683f', 'mail 23.06.2026'),
('4a7de035-8082-4050-9143-ecec2084cf42', '909cd981-ada0-4e24-ba9a-0281b3aff853', 'mail 23.06.2026'),
('2146d0eb-15b9-4a23-bed4-9ded479132b8', '76f3cf93-c454-4216-be79-d484265a89a7', 'mail 23.06.2026'),
('f400839c-b27a-4f70-b4c1-b3babaee4c02', '23a1d22b-de50-42c0-bc02-84cb5404d002', 'mail 23.06.2026'),
('607b8763-093e-46ab-aee5-0bb2094560c4', '62319cb6-051a-41f6-bda8-bc70abbddd65', 'mail 23.06.2026'),
('188caa68-392e-43b2-91a0-ef916248fe8a', 'da6ad69e-c442-45de-a891-7a3febdd9b21', 'mail 23.06.2026'),
('70a60f43-7cb8-484d-b1b8-216b35d406a5', '0fc8cab2-7f31-4f3f-bdd4-39af93f6217c', 'mail 23.06.2026'),
('cf25393a-7578-4aad-960f-1076ed7af190', '7d0c823b-cda1-4f38-97d7-ae7a853e4e51', 'mail 30.06.2026'),
('679ab441-fcee-47f4-a053-13f2b8ce2634', 'e6e9d1fd-989d-443d-bb2b-0e85c748295d', 'mail 30.06.2026'),
('0af13c35-4c00-41e8-a737-ee15a7642e45', '6c3d100c-7e56-4704-b619-241f349e3c9f', 'mail 30.06.2026'),
('50964275-d71f-49f3-9a41-1d8a5c1fc8a0', 'acce7481-3ddd-4d18-a288-84c4dd624146', 'mail 30.06.2026'),
('85dcf372-7824-4855-8ede-e7689bb06d0e', '061ec59c-fd53-4948-8c77-c92f54c3ed7a', 'mail 30.06.2026'),
('761b8666-b933-4e28-bd3e-275119c5e775', '8fd363e7-c1dc-45b3-9eaa-41e5c5b9ddc9', 'mail 30.06.2026'),
('1d631155-9864-4e72-b692-ed18a3a6c3ee', '01efcbbd-8dd3-4c13-8e90-fac0a5233286', 'mail 30.06.2026'),
('57dfdaf5-55b4-444a-8de3-a516cbf71232', '44c5ff56-1072-4dbf-9261-ac15783090bb', 'mail 30.06.2026'),
('cc5228c4-7000-4a67-97ad-31d49949a527', '0971ae15-6f87-4a09-bbf4-d310b11e5138', 'mail 30.06.2026'),
('3c40c4c5-0da1-427c-8bed-28cceeae58e3', '5d763757-29e7-449d-8737-7e33aac9ca0f', 'mail 30.06.2026'),
('b3803e6c-fcd4-4b6f-98b3-fb362f3d9971', '36987690-ace7-4f47-ad92-b979346bbf90', 'mail 08.07.2026'),
('4be2f552-abbf-414b-a44a-c8a9ba32ad5d', 'b146674b-d71e-48c9-86a3-e15f4a7f8528', 'mail 08.07.2026'),
('0c9b0355-7b65-48a4-8bfa-ad9bf9caabc1', '12db4633-799b-474e-8ea3-77d5c2fc7eb7', 'mail 08.07.2026'),
('26289c37-8d09-4856-a983-b2b7319fdfb7', 'ae55fbc5-6645-4421-99c0-fc9f270d32af', 'mail 08.07.2026'),
('a5612c9a-b3c1-458e-a175-46dfd38a93f8', '4eb2b725-1b2a-4d9e-a410-c3dda672b6aa', 'mail 08.07.2026'),
('204dcde2-c834-447f-b16e-ce955d517cf5', '6b96149f-bf80-4cb1-82bf-aef13fb88025', 'mail 08.07.2026'),
('38f16a65-70cf-4c44-8e4e-5f1e6dfab836', 'ed02d8d2-5066-411c-ad35-51105c4b24a5', 'mail 08.07.2026'),
('db80a5e6-37e1-4d24-8b67-17bc8d5a0a5a', '0548d73c-262a-4bc0-9122-6820d16f841a', 'mail 08.07.2026'),
('0537d11f-9dcd-48cc-99e4-e0485b4de793', '2f15fbb3-fdce-430e-9c3e-9a2b6399cfae', 'mail 08.07.2026'),
('95de55fa-0caf-405b-9482-ce759f2a9699', '86978ac9-18f5-4074-97d6-8e4d08df0005', 'mail 08.07.2026');
