-- Opcjonalny import istniejących danych z pliku Excel (Prosjekttjenester_CRM.xlsx)
-- Uruchom PO schema.sql, jeśli chcesz od razu mieć dotychczasowe kontakty w CRM.

insert into public.contacts (id, company_name, phone, email, website, address, status) values
('5c55d3b0-f62c-4858-82ea-085af7d8095d', 'Fredrikstad Arkitekttjenester AS', 'tel:+4747236104', 'teotech@online.no', NULL, 'Borgeveien 115A, 1654 SELLEBAKK', 'kontaktet'),
('447d040f-23f0-4e83-b46c-e6405082361b', 'Riise Consulting', 'tel 91623925', 'bjornar.riise@gmail.com', NULL, 'Skogsåsen 7C, 1412 SOFIEMYR', 'kontaktet'),
('9523d0b0-d91d-4a3b-8f64-f24c40d00ee3', 'Byggingeniøren AS', 'tel:+4746126876', 'post@byggingenioren.no', NULL, 'Ridebaneveien 7, 4843 ARENDAL', 'kontaktet'),
('1ec8afd2-118f-43cf-a9de-a146ad73e255', 'Arkitektfirma Siv.ar. Agata Suchecka', 'tel:+4790572792', 'agatasuch10@gmail.com', NULL, 'Øgardsvegen 16, 2390 MOELV', 'kontaktet'),
('34c6e49f-853a-4eca-ab63-99b84e4929ca', 'Arkitektur og Byggsøk M Johansen', 'tel:+4731284832', 'arkitektur.byggsok.mjohansen@gmail.com', NULL, 'Høymyrmarka 119, 1391 VOLLEN', 'kontaktet'),
('3a04eb8d-b2d1-4dc9-bb50-c7eaf7a3a28d', 'Bygg Design Moldoveanu', 'tel:+4794086763', 'post@bygg-design-moldoveanu.no', NULL, 'Dragehodesvingen 8, 1360 FORNEBU', 'kontaktet'),
('4a07a0e9-f2f6-4d23-af69-eeb3e919d5c1', 'Smolovic Arkitektur', 'tel:+4794238273', 'smoark@yahoo.com', NULL, 'c/o Stefan Smolovic, Landingsveien 18, 0767 OSLO', 'kontaktet'),
('10c87149-9665-4074-845d-c6253cafca80', 'MO BYGGSERVICE AS', 'tel:+4792550433', 'info@mobyggservice.no', 'www.mobyggservice.no', 'Heggedalsveien 350, 1389 HEGGEDAL', 'kontaktet'),
('c710b3a5-57b3-4d58-9723-50ebfe857702', 'Uproxo AS', 'tel:+4745111911', 'lars@ulriksen.no', NULL, 'Hauketoveien 3B, 1266 OSLO', 'kontaktet'),
('fa278529-dae3-4a9f-b476-5f8b5d111354', 'Fjell Byggconsult AS', 'tel:+4790609089', 'rune@runefjell.no', 'www.runefjell.no', 'Tettskauen 15, 3478 NÆRSNES', 'kontaktet'),
('01351172-7454-4e16-b5b4-9aee86de2457', 'Kove Arkitektur AS', 'tel:+4790403260', 'piatveit@icloud.com', NULL, 'Seljeveien 7, 0575 OSLO', 'kontaktet'),
('fd7c9981-5feb-413d-bd3f-d6e4f01f051d', 'Nes Bygg og Prosjektering AS', 'tel:+4745267741', 'kjetil@nesbp.no', NULL, 'Mosters vei 40, 1542 VESTBY', 'kontaktet'),
('0ca4da07-d582-4eec-ba30-6fb1175015c4', 'STRÅ Arkitekter AS', 'tel:+4740388182', 'gustav@straaa.com', 'https://www.straaa.com/', 'Industrigata 60C, 0357 OSLO', 'kontaktet'),
('82951df7-ba59-4e85-bfea-3f27475c9d42', 'KVASS Arkitektur AS', 'tel:+4799511189', 'post@kvassarkitektur.no', 'https://www.kvassarkitektur.no/', 'Standardveien 1, 0581 OSLO', 'kontaktet'),
('dbb2920b-ec56-469b-abb0-889a1b552b9b', 'Dak&Ingeniørtjenester AS', 'tel:+4741362000', 'post@ditas.no', 'https://www.ditas.no/', 'Strøket 7, 1383 ASKER', 'kontaktet'),
('937fb259-3dcc-424a-a937-4e7df361313d', 'Don Lawrence', 'tel:+4794297841', 'don@don-lawrence.com', NULL, 'Akersbakken 37A, 0172 OSLO', 'kontaktet'),
('51fdd0fc-d4eb-4431-b2dd-30201f5bb692', 'Borgeraas&Myrholt AS', 'tel:+4792601056', 'mats@bormyr.no', 'https://www.bormyr.no/', 'Storgata 202, 3912 PORSGRUNN', 'kontaktet'),
('93720f3c-7677-4563-b8a6-d11cfea65a19', 'BjH-Arkitekter AS', 'tel:+4790660482', 'post@bjh-ark.no', 'www. bjh-ark.no', 'St Olavs gate 6, 3126 TØNSBERG', 'kontaktet'),
('9426a689-2410-4385-9196-a1d7dd039009', 'Christian Sundby Arkitekter', 'tel:+4790821045', 'christian@sundbyarkitekter.no', 'https://www.casarkitekter.com/', 'c/o Christian Sundby, Løkkeveien 22, 1368 STABEKK', 'kontaktet'),
('a8436f7d-d5d5-4376-aff6-4a9a14427f53', 'MARLOW ARKITEKTER AS', 'tel. 908 33 223', 'pm@marlowarkitekter.no', 'https://marlowarkitekter.no/', 'Gamle Ringeriksvei 56, 1357 Bekkestua', 'kontaktet'),
('4cbe4811-8189-4cc0-a8d1-f9b9ef76c727', 'KJERNEHUSET ARKITEKTKONTOR AS', 'tel:+4748174333', 'post@kjernehus.no', 'https://kjernehus.no/', 'Sandstuveien 4A, 1178 OSLO', 'kontaktet'),
('bcb55639-8100-4d3a-9be3-8733647bf4fc', 'A/Stab AS', 'tel. 90141277', 'knut@a-stab.no', 'https://a-stab.no/', 'Ulsmågvegen 7, 5224 NESTTUN', 'kontaktet'),
('86b2eccf-aa50-4f76-8923-a385c04580f9', 'A1 Arkitekter AS', 'tel:+4795947400', 'dj@a1arkitekteras.no', NULL, 'c/o Agne Ladukiene, Sårheim 7, 6847 VASSENDEN', 'kontaktet'),
('a432cb47-2767-42be-ae3e-6a41d712690a', 'Abark AS', '41 39 39 23', 'Asem@abarkarkitektur.no', 'https://abarkarkitektur.no/', NULL, 'kontaktet'),
('12980cba-72a9-4b4d-9c31-44daae148263', 'Aloe Arkitekter', '93217015', 'loe@aloearkitekter.no', 'https://www.aloearkitekter.no/', 'Skovveien 13A, 0257 OSLO', 'kontaktet'),
('fc1b50cd-b0d2-4e7c-9bd6-3e7ce3fd35a7', 'Altiplan AS', '48 60 16 35', 'post@altiplan.no', 'https://altiplan.no/', 'Dronning Eufemias gate 12, 0191 Oslo', 'kontaktet'),
('415d8fd3-6544-4337-96ca-c2fc2ba0b32e', 'Am Byggkonsult AS', 'tel:+4740560087', 'asrin.ahmadi@ambyggkonsult.no', 'https://www.ambyggkonsult.no/', 'Nydalsveien 28, 0484 Oslo', 'kontaktet'),
('dfe7f1e2-5b39-418f-b854-57b5f944559a', 'April Arkitekter AS', '922 88 546', 'kjersti@aprilarkitekter.no', 'https://www.aprilarkitekter.no/', 'Sagveien 23C, 0459 OSLO', 'kontaktet'),
('84c706cd-9a99-414c-a6f6-4e24770963fd', 'Areal og Byggesak AS', 'tel:+4796019392', 'espen@beir.no', NULL, 'Oredalsåsen 10, 1613 FREDRIKSTAD', 'kontaktet'),
('72e3dd30-16a0-47c8-8232-3ab293270b78', 'Ark 19 Arkitektkontor AS', 'tel:+4722111676', 'piotr@ark19.no', NULL, 'Rosenholmveien 17, 1252 OSLO', 'kontaktet'),
('360f96de-1f96-4991-b61f-480884cd71db', 'Helling Arkitekttjenester AS', 'tel:004797158851', 'rakel@hellingark.no', 'https://www.hellingark.no/', 'Arbins gate 1 0253 OSLO', 'kontaktet'),
('2751bc10-4d09-4fba-9f39-7ef537001022', 'Artikon AS', 'tel. +4740055908', 'erik@artikon.no', 'https://artikon.no/', 'Eidsbakken 81, 6037 EIDSNES', 'kontaktet'),
('4b1e7ffc-863d-42bf-ae18-ea174d0e7b30', 'Asplan Viak AS', 'tel. +4741799417', 'simen.enersen@asplanviak.no', 'https://www.asplanviak.no/', 'Rådmann Halmrasts vei 5, 1337 SANDVIKA', 'kontaktet'),
('7636b734-e4e4-4c68-a903-8a5421c70b8e', 'Arkikad AS', 'tel. 40070510', 'sg@arkikad.no', 'www.arkikad.no', 'Gardermonvegen 36, 2050 JESSHEIM', 'kontaktet'),
('f324ab1b-558a-404d-b856-bbd574588b2c', 'Arkitektkontoret Pinnen AS', 'tel. 92229146', 'post@pinnen.no', NULL, 'Brattvollveien 153, 1164 OSLO', 'kontaktet'),
('4e0a87e0-8eab-4dd8-bdc3-83f1d7865248', 'Arkon Arkitekt og Ingeniørkontor Birger Tveiten', 'tel. 33428591', 'post@arkonarkitekt.no', NULL, 'Lindgaards gate 58, 3208 SANDEFJORD', 'kontaktet'),
('ed3b7c27-4a8d-47b8-9b10-72f470ceee99', 'Atek Byggkonsult AS', 'tel. 41200904', 'asbjorn@atbk.no', NULL, 'c/o Asbjørn Tonholt, Midtveien 25, 1592 VÅLER I ØSTFOLD', 'kontaktet'),
('ee78b377-7d61-4336-9958-4991ec7cc06e', 'Austigard Arkitektur AS', 'tel. 99716229', 'office@austigard.net', NULL, 'c/o Tor Austigard, Hagegata 45, 0653 OSLO', 'kontaktet'),
('3de054da-dde3-450f-9482-bd1f75065634', 'Barlund Byggetegninger', 'tel. 91398439', 'kimmarn@gmail.com', NULL, 'Tollerudvegen 3, 2827 HUNNDALEN', 'kontaktet'),
('4bbc577c-d398-4728-bcc1-5a5ce10615ef', 'Borhaven Arkitekter AS', 'tel. 40616614', 'axel@borhaven.no', 'www.borhaven.no', 'Bjerregaards gate 1A, 0172 OSLO', 'kontaktet');

insert into public.contact_people (id, contact_id, full_name, is_primary) values
('563b9caa-33c2-402c-bf69-ab09fab96ae4', '5c55d3b0-f62c-4858-82ea-085af7d8095d', 'Terje Olsen', true),
('02da0025-c86a-4b48-a135-645721370f6b', '447d040f-23f0-4e83-b46c-e6405082361b', 'Bjørnar Riise', true),
('ba53db1c-810c-4e1d-a94e-791007f76b61', '1ec8afd2-118f-43cf-a9de-a146ad73e255', 'Agata Suchecka', true),
('34a9a699-d826-4156-8463-d13f56a8e237', '34c6e49f-853a-4eca-ab63-99b84e4929ca', 'Morten Johansen', true),
('fd0fa3fc-267a-4243-804a-8bb9a4b822a1', '3a04eb8d-b2d1-4dc9-bb50-c7eaf7a3a28d', 'Alexandru Iulian Moldoveanu', true),
('fb41ef18-7b58-4e56-8d52-4c085d979c9a', '4a07a0e9-f2f6-4d23-af69-eeb3e919d5c1', 'Stefan Smolovic', true),
('c7cc8f37-6843-4f00-9c85-9f03aa810942', 'c710b3a5-57b3-4d58-9723-50ebfe857702', 'Lars Ulriksen', true),
('12020cd2-884a-4888-8624-b532ecdef603', '01351172-7454-4e16-b5b4-9aee86de2457', 'Pia Kove', true),
('237734a1-36ab-45cc-8227-1ce0183c6207', '0ca4da07-d582-4eec-ba30-6fb1175015c4', 'Anders Byng Strøm', true),
('680c1513-00a1-4c4e-a093-7325ed7456df', '0ca4da07-d582-4eec-ba30-6fb1175015c4', 'Gustav Jerlvall Jeppsson', false),
('b5424862-203f-49b1-ac15-5b96ec27add6', '937fb259-3dcc-424a-a937-4e7df361313d', 'Don Lawrence', true),
('f80f0f17-6992-40d4-999f-a0c54d83d74e', '9426a689-2410-4385-9196-a1d7dd039009', 'Christian Sundby', true),
('dcce0d72-4b84-4bc6-bbd9-3497c4cfc720', 'a8436f7d-d5d5-4376-aff6-4a9a14427f53', 'Per Marlow', true),
('36ede0c6-8531-4cf0-ac9a-8fe91daab452', '4cbe4811-8189-4cc0-a8d1-f9b9ef76c727', 'Gitte von Ubisch', true),
('c933ab1b-26fe-4c23-b347-660b68696f48', 'bcb55639-8100-4d3a-9be3-8733647bf4fc', 'Knut Hjertholm', true),
('722088db-3c5d-4bb0-a0da-5cc27ed2b5b3', '86b2eccf-aa50-4f76-8923-a385c04580f9', 'Agne Ladukiene', true),
('f216df3a-a2b1-4ec9-b81b-497783c056b2', 'a432cb47-2767-42be-ae3e-6a41d712690a', 'Asem Babawat', true),
('bba73324-9983-40ec-b358-37d664727449', '12980cba-72a9-4b4d-9c31-44daae148263', 'Laust Østergaard Andersen', true),
('5c4ee82d-841c-49ff-86a1-60c245cd1897', 'fc1b50cd-b0d2-4e7c-9bd6-3e7ce3fd35a7', 'Alberto Juarez Lucio', true),
('7ce6c4be-c180-42c7-8e52-85b9774b2b48', '415d8fd3-6544-4337-96ca-c2fc2ba0b32e', 'Asrin Ahmadi', true),
('f8757dff-2476-4c45-ab9e-f7bd5a953211', 'dfe7f1e2-5b39-418f-b854-57b5f944559a', 'Kjersti Hembre', true),
('02623a07-00ad-4e78-93c6-815877a667a5', '360f96de-1f96-4991-b61f-480884cd71db', 'Rakel Helling', true),
('9f8383e5-466c-4e5f-a981-5262a370e873', '2751bc10-4d09-4fba-9f39-7ef537001022', 'Erik Haugen', true),
('48c76b9d-3f82-4a08-8528-60e8e4fee05b', '4b1e7ffc-863d-42bf-ae18-ea174d0e7b30', 'Simen Enersen', true),
('3f04db5c-467e-4986-9e99-20785ccdbacd', 'ed3b7c27-4a8d-47b8-9b10-72f470ceee99', 'Asbjørn Tonholt', true),
('f9fad4d0-386f-459c-8413-db3539b6efa0', 'ee78b377-7d61-4336-9958-4991ec7cc06e', 'Tor Austigard', true),
('ba572f1f-b3fd-421b-879a-e3e5cd42853b', '4bbc577c-d398-4728-bcc1-5a5ce10615ef', 'Axel Borhaven', true);

insert into public.contact_activities (id, contact_id, occurred_at, contact_type, note) values
('8f6087aa-241d-48e7-ae37-c1085e6ea534', '5c55d3b0-f62c-4858-82ea-085af7d8095d', '2026-06-17', 'epost', 'mail 17.06.2026'),
('159c2ab5-f0f1-481b-a631-35c097ff96a1', '447d040f-23f0-4e83-b46c-e6405082361b', '2026-06-17', 'epost', 'mail 17.06.2026'),
('78b28dda-a7c8-47e5-accd-c6abde147197', '9523d0b0-d91d-4a3b-8f64-f24c40d00ee3', '2026-06-17', 'epost', 'mail 17.06.2026'),
('4f92a28c-768d-4321-aebd-672a29bce6e8', '1ec8afd2-118f-43cf-a9de-a146ad73e255', '2026-06-17', 'epost', 'mail 17.06.2026'),
('81f346f9-14b3-4dae-9cfd-611fed07b6d9', '34c6e49f-853a-4eca-ab63-99b84e4929ca', '2026-06-17', 'epost', 'mail 17.06.2026'),
('2020da0a-2ef7-4f81-aba3-92bfa718e7b7', '3a04eb8d-b2d1-4dc9-bb50-c7eaf7a3a28d', '2026-06-17', 'epost', 'mail 17.06.2026'),
('48c90abf-d0b5-4041-be44-0f0c625ef9c3', '4a07a0e9-f2f6-4d23-af69-eeb3e919d5c1', '2026-06-17', 'epost', 'mail 17.06.2026'),
('650a2021-70e7-4185-ac98-7e574f8d7ce0', '10c87149-9665-4074-845d-c6253cafca80', '2026-06-17', 'epost', 'mail 17.06.2026'),
('91c6352e-fc25-44f4-bb39-66fe61c34e13', 'c710b3a5-57b3-4d58-9723-50ebfe857702', '2026-06-17', 'epost', 'mail 17.06.2026'),
('f6eb3463-1547-4d38-b3f2-f0a9be05821b', 'fa278529-dae3-4a9f-b476-5f8b5d111354', '2026-06-17', 'epost', 'mail 17.06.2026'),
('2db80c82-f73d-4d34-9ee9-cebd980e5969', '01351172-7454-4e16-b5b4-9aee86de2457', '2026-06-17', 'epost', 'mail 17.06.2026'),
('b7a8a488-9b94-48ec-ad94-46836c858604', 'fd7c9981-5feb-413d-bd3f-d6e4f01f051d', '2026-06-17', 'epost', 'mail 17.06.2026'),
('ea62c336-6a4f-4dcd-ad75-2c7ac615e0ba', '0ca4da07-d582-4eec-ba30-6fb1175015c4', '2026-06-17', 'epost', 'mail 17.06.2026'),
('85d62dc0-436c-4d59-bd5b-14d06418d9b6', '82951df7-ba59-4e85-bfea-3f27475c9d42', '2026-06-23', 'epost', 'mail 23.06.2026'),
('faeaafd7-4ea0-4b80-aa06-2ed18abef767', 'dbb2920b-ec56-469b-abb0-889a1b552b9b', '2026-06-23', 'epost', 'mail 23.06.2026'),
('514a0241-3f2c-4b49-94cc-09d3328ac1a0', '937fb259-3dcc-424a-a937-4e7df361313d', '2026-06-23', 'epost', 'mail 23.06.2026'),
('2e8f1384-528f-45d0-a965-45022dd43ebb', '51fdd0fc-d4eb-4431-b2dd-30201f5bb692', '2026-06-23', 'epost', 'mail 23.06.2026'),
('3b74bb0a-d930-4c6a-8514-60b191dc46f1', '93720f3c-7677-4563-b8a6-d11cfea65a19', '2026-06-23', 'epost', 'mail 23.06.2026'),
('f0d65a17-02f7-4fcb-9185-71b8ae126922', '9426a689-2410-4385-9196-a1d7dd039009', '2026-06-23', 'epost', 'mail 23.06.2026'),
('110315f8-e511-4525-b2a2-92ce2a75c65a', 'a8436f7d-d5d5-4376-aff6-4a9a14427f53', '2026-06-23', 'epost', 'mail 23.06.2026'),
('c7c7f8ca-1d7c-4d16-85ff-6d42d9fe4bcc', '4cbe4811-8189-4cc0-a8d1-f9b9ef76c727', '2026-06-30', 'epost', 'mail 30.06.2026'),
('05999ecf-5f08-4b67-ad21-0a38c3f3d997', 'bcb55639-8100-4d3a-9be3-8733647bf4fc', '2026-06-30', 'epost', 'mail 30.06.2026'),
('ee7ddbb6-4bff-4779-86e0-eaf69cf2a2bc', '86b2eccf-aa50-4f76-8923-a385c04580f9', '2026-06-30', 'epost', 'mail 30.06.2026'),
('a705ac1b-da5c-44fa-926d-b5e8314a84e5', 'a432cb47-2767-42be-ae3e-6a41d712690a', '2026-06-30', 'epost', 'mail 30.06.2026'),
('261ba876-d7cd-4ff2-b6c2-b4e34576d0be', '12980cba-72a9-4b4d-9c31-44daae148263', '2026-06-30', 'epost', 'mail 30.06.2026'),
('8ce2f6fd-184a-4926-b92a-bda0bc6a3101', 'fc1b50cd-b0d2-4e7c-9bd6-3e7ce3fd35a7', '2026-06-30', 'epost', 'mail 30.06.2026'),
('320a3209-fdc9-41be-b80a-2b51bbcb78ad', '415d8fd3-6544-4337-96ca-c2fc2ba0b32e', '2026-06-30', 'epost', 'mail 30.06.2026'),
('cd942f04-42a9-4141-be46-4df11fac655b', 'dfe7f1e2-5b39-418f-b854-57b5f944559a', '2026-06-30', 'epost', 'mail 30.06.2026'),
('b8f2a978-433f-44bf-856d-d62dc383f07f', '84c706cd-9a99-414c-a6f6-4e24770963fd', '2026-06-30', 'epost', 'mail 30.06.2026'),
('0923ecc9-6487-4e31-9b57-8569dd16551b', '72e3dd30-16a0-47c8-8232-3ab293270b78', '2026-06-30', 'epost', 'mail 30.06.2026'),
('400a87c3-d012-4ae9-9e49-e067c30a367c', '360f96de-1f96-4991-b61f-480884cd71db', '2026-07-08', 'epost', 'mail 08.07.2026'),
('c5ebf7ad-171e-4aeb-a903-d4b0bc836a7b', '2751bc10-4d09-4fba-9f39-7ef537001022', '2026-07-08', 'epost', 'mail 08.07.2026'),
('cb9a57e2-80b7-413a-b7cb-8e5aaa31351a', '4b1e7ffc-863d-42bf-ae18-ea174d0e7b30', '2026-07-08', 'epost', 'mail 08.07.2026'),
('5ce40d0b-eb1f-4654-b10d-3f76cc4de5d3', '7636b734-e4e4-4c68-a903-8a5421c70b8e', '2026-07-08', 'epost', 'mail 08.07.2026'),
('2cb76e29-f067-44ee-835c-7dc209e4686c', 'f324ab1b-558a-404d-b856-bbd574588b2c', '2026-07-08', 'epost', 'mail 08.07.2026'),
('c1c631a5-44ae-47bc-b27d-c154895f2004', '4e0a87e0-8eab-4dd8-bdc3-83f1d7865248', '2026-07-08', 'epost', 'mail 08.07.2026'),
('ef4c1a3c-9204-4d66-993a-68ade53680b1', 'ed3b7c27-4a8d-47b8-9b10-72f470ceee99', '2026-07-08', 'epost', 'mail 08.07.2026'),
('ff275699-c1c3-485f-8313-8ded080c8884', 'ee78b377-7d61-4336-9958-4991ec7cc06e', '2026-07-08', 'epost', 'mail 08.07.2026'),
('63a7a9f7-73dd-4efa-ae8e-bb47c114bea7', '3de054da-dde3-450f-9482-bd1f75065634', '2026-07-08', 'epost', 'mail 08.07.2026'),
('6ef3db92-037d-45aa-9c7e-a476171bc64e', '4bbc577c-d398-4728-bcc1-5a5ce10615ef', '2026-07-08', 'epost', 'mail 08.07.2026');
